Quote ID,Date,Supplier,Product,Electronic Component 1 Name,Electronic Component 1 Cost,Mechanical Component 1 Name,Mechanical Component 1 Cost,Raw Material 1 Name,Raw Material 1 Cost,Conversion Cost 1 Type,Conversion Cost 1 Detail,Conversion Cost 1 Cost,Logistic Choice,Estimated Delivery Cost,Total Cost per Unit,Quantity,Total Project Cost,Electronic Component 2 Name,Electronic Component 2 Cost,Electronic Component 3 Name,Electronic Component 3 Cost,Mechanical Component 2 Name,Mechanical Component 2 Cost,Mechanical Component 3 Name,Mechanical Component 3 Cost,Raw Material 2 Name,Raw Material 2 Cost,Conversion Cost 2 Type,Conversion Cost 2 Detail,Conversion Cost 2 Cost,Conversion Cost 3 Type,Conversion Cost 3 Detail,Conversion Cost 3 Cost,Quality Control 1 Type,Quality Control 1 Detail,Quality Control 1 Cost,Quality Control 2 Type,Quality Control 2 Detail,Quality Control 2 Cost
001,10th February 2071,AutoElectrix,TPS-100,Potentiometer,0.75,Injection-Molded Plastic Casing,0.55,ABS Plastic,0.4,Labor,Assembly Labor,0.6,Air,0.5,6.2,1000,6200,Microcontroller,1.5,Voltage Regulator,0.25,Brass Contact Pins,0.3,Mounting Clamp,0.35,Steel,0.25,Labor,Testing and Calibration,0.35,Labor,Packaging Labor,0.25,Quality Control,Inspection,0.15,Quality Control,Testing Equipment Depreciation,0.1
002,10th May 2035,HighTechAutoComponents,TPS-X500 alpha,Hall Effect Sensor,1.25,Carbon Fiber Casing,1.1,Carbon Fiber Material,0.7,Labor,Precision Assembly Labor,0.8,Premium,0.4,9.3,1000,9300,"Microcontroller (32-bit, IoT-enabled)",2.5,"Voltage Regulator (5V, high precision)",0.4,Titanium Contact Pins,0.55,Magnetic Mounting System,0.5,Titanium,0.45,Labor,Advanced Testing and Calibration (IoT enabled),0.5,Labor,Automated Packaging Labor,0.2,Quality Control,AI-Driven Inspection,0.2,Quality Control,Testing Equipment Depreciation (High-precision),0.15
003,10th Jun 2040,NextGenAutoSolutions,TPS-Z900 Omega,MEMS-Based Sensor,1.5,Aerospace-Grade Aluminum Casing,1.25,Aluminum,0.8,Labor,High-Precision Assembly Labor,1.0,High-Security,0.5,10.95,1000,10950,"Microcontroller (64-bit, AI-Integrated)",3.0,"Voltage Regulator (5V, ultra-precision)",0.5,Gold-Plated Contact Pins,0.75,Vibration-Resistant Mounting System,0.6,Gold,0.6,Labor,AI-Based Testing and Calibration (Real-Time Data Processing),0.6,Labor,Robotic Packaging Labor,0.3,Quality Control,Quantum Computing-Driven Inspection,0.3,Quality Control,Advanced Testing Equipment Depreciation,0.2
004,12th March 2042,FutureAutoTech,TPS-200,Resistive Sensor,0.85,Polycarbonate Casing,0.65,Polyethylene,0.45,Labor,Standard Assembly Labor,0.65,Ground,0.35,7.15,1500,10725,Microcontroller (16-bit),1.25,Voltage Regulator (3V),0.2,Copper Contact Pins,0.2,Standard Mounting Bracket,0.25,Iron,0.2,Labor,Basic Testing and Calibration,0.3,Labor,Manual Packaging Labor,0.2,Quality Control,Basic Inspection,0.1,Quality Control,Standard Equipment Depreciation,0.05
005,15th August 2045,SkylineComponents,TPS-Y700 Beta,Capacitive Sensor,1.35,Metal Alloy Casing,0.9,Stainless Steel,0.55,Labor,Enhanced Assembly Labor,0.9,Sea,0.3,8.6,800,6880,"Microcontroller (24-bit)",1.75,"Voltage Regulator (12V)",0.35,Stainless Steel Contact Pins,0.4,Secure Mounting System,0.4,Aluminum Alloy,0.35,Labor,Intermediate Testing and Calibration,0.4,Labor,Semi-Automated Packaging Labor,0.25,Quality Control,Precision Inspection,0.18,Quality Control,Intermediate Equipment Depreciation,0.12
006,20th January 2050,AdvancedAutoParts,TPS-Q300 Gamma,Inductive Sensor,1.05,Glass-Reinforced Plastic Casing,0.8,Ceramic,0.6,Labor,Complex Assembly Labor,0.7,Rail,0.25,9.05,1200,10860,"Microcontroller (48-bit, Bluetooth-enabled)",2.0,"Voltage Regulator (7V, precision)",0.3,Nickel Contact Pins,0.45,Adaptive Mounting System,0.45,Ceramic Composite,0.4,Labor,Detailed Testing and Calibration,0.45,Labor,High-Speed Packaging Labor,0.22,Quality Control,Enhanced Inspection,0.17,Quality Control,Premium Equipment Depreciation,0.13
007,25th November 2053,AutoFuturistics,TPS-400 Delta,Optical Sensor,1.15,Titanium Casing,1.0,Glass,0.65,Labor,Advanced Precision Assembly Labor,1.1,Drone,0.45,10.7,500,5350,"Microcontroller (ARM Cortex)",2.25,"Voltage Regulator (9V, super precision)",0.55,Silver Contact Pins,0.6,Flexible Mounting System,0.55,Sapphire,0.5,Labor,High-End Testing and Calibration,0.55,Labor,Intelligent Packaging Labor,0.35,Quality Control,Ultra-Precision Inspection,0.25,Quality Control,High-End Equipment Depreciation,0.18
008,30th April 2058,TechnoAutoSolutions,TPS-800 Epsilon,Piezoelectric Sensor,1.75,Boron Carbide Casing,1.35,Diamond,0.75,Labor,Ultra-Precision Assembly Labor,1.2,Space,0.6,12.1,700,8470,"Microcontroller (Quantum-enabled)",3.5,"Voltage Regulator (10V, hyper-precision)",0.65,Platinum Contact Pins,0.85,Anti-Vibration Mounting System,0.7,Diamond Composite,0.7,Labor,Futuristic Testing and Calibration,0.7,Labor,Automated Intelligent Packaging Labor,0.4,Quality Control,Nano-Inspection,0.35,Quality Control,State-of-the-Art Equipment Depreciation,0.25
009,5th January 2060,AutoInnovate,TPS-550 Lambda,Thermal Sensor,1.65,High-Impact Plastic Casing,0.75,Graphene,0.85,Labor,Expert Assembly Labor,0.85,Underground,0.4,11.2,600,6720,"Microcontroller (ARM Cortex-A)",2.75,"Voltage Regulator (6V, robust)",0.45,Alloy Contact Pins,0.5,Reinforced Mounting Frame,0.6,Copper Alloy,0.55,Labor,Precision Testing and Calibration,0.65,Labor,Customized Packaging Labor,0.28,Quality Control,High-Tech Inspection,0.22,Quality Control,Regular Equipment Depreciation,0.16
010,9th September 2062,AutoTechFuture,TPS-660 Kappa,Radar Sensor,1.85,Kevlar Casing,1.05,Tungsten,0.95,Labor,Specialized Assembly Labor,0.95,Solar Powered Transport,0.55,12.4,550,6820,"Microcontroller (RISC-V)",3.25,"Voltage Regulator (8V, extra-robust)",0.6,Zirconium Contact Pins,0.65,Shock-Resistant Mounting,0.75,Tungsten Carbide,0.65,Labor,Advanced Diagnostic Testing,0.75,Labor,Eco-Friendly Packaging Labor,0.32,Quality Control,Digital Inspection,0.28,Quality Control,Enhanced Equipment Depreciation,0.19
011,14th April 2065,NextEraAuto,TPS-770 Sigma,Ultrasonic Sensor,1.95,Composite Casing,1.15,Liquid Crystal Polymer,1.05,Labor,High-Tech Assembly Labor,1.05,Hybrid Transport,0.6,13.5,500,6750,"Microcontroller (Quantum-Ready)",3.75,"Voltage Regulator (11V, ultra-robust)",0.75,Carbon Fiber Contact Pins,0.7,Dynamic Mounting System,0.85,Liquid Metal,0.75,Labor,Next-Gen Testing and Calibration,0.85,Labor,Sustainable Packaging Labor,0.35,Quality Control,3D Inspection,0.32,Quality Control,Advanced Equipment Depreciation,0.21
012,18th December 2067,AutoRevolution,TPS-880 Tau,Pressure Sensor,2.05,Alloy Steel Casing,1.25,Silicon,1.15,Labor,Innovative Assembly Labor,1.15,Electric Transport,0.65,14.7,450,6615,"Microcontroller (Neural Net Integrated)",4.0,"Voltage Regulator (13V, ultra-stable)",0.85,Iridium Contact Pins,0.75,Modular Mounting System,0.95,Platinum Alloy,0.85,Labor,Ultra-Modern Testing and Calibration,0.95,Labor,High-Efficiency Packaging Labor,0.38,Quality Control,Laser Inspection,0.35,Quality Control,Premium Equipment Depreciation,0.23
013,22nd June 2070,FutureAutoDesign,TPS-990 Iota,Gyro Sensor,2.25,Ceramic Casing,1.35,Platinum,1.25,Labor,Elite Assembly Labor,1.25,Magnetic Levitation Transport,0.7,15.8,400,6320,"Microcontroller (AI-Advanced)",4.25,"Voltage Regulator (15V, super-stable)",0.95,Palladium Contact Pins,0.8,Adjustable Mounting System,1.05,Diamond-Like Carbon,0.95,Labor,State-of-the-Art Testing and Calibration,1.05,Labor,Robotic Intelligent Packaging Labor,0.4,Quality Control,Holographic Inspection,0.38,Quality Control,Elite Equipment Depreciation,0.25
014,26th October 2072,InnovateAutoTech,TPS-A100 Eta,Acoustic Sensor,2.45,Carbon Nanotube Casing,1.45,Rhenium,1.35,Labor,Master Assembly Labor,1.35,Hyperloop Transport,0.75,16.9,350,5915,"Microcontroller (Quantum-Computing Integrated)",4.5,"
015,28th February 2074,AutoTechRevolution,TPS-A200 Theta,Infrared Sensor,2.55,Graphene Casing,1.55,Silica,1.45,Labor,Advanced Tech Assembly Labor,1.45,Teleportation,0.8,17.6,300,5280,"Microcontroller (Superconductor-Based)",4.75,"Voltage Regulator (17V, hyper-stable)",1.05,Rhodium Contact Pins,0.85,Self-Adjusting Mounting System,1.15,Graphene Composite,1.05,Labor,Hyper-Precision Testing and Calibration,1.15,Labor,AI-Assisted Packaging Labor,0.42,Quality Control,Quantum Inspection,0.4,Quality Control,Superior Equipment Depreciation,0.27
016,3rd May 2076,EcoAutoSolutions,TPS-B300 Zeta,Magnetometer,2.65,Bio-Composite Casing,1.65,Titanium Alloy,1.55,Labor,Sustainable Assembly Labor,1.55,Zero-Emission Transport,0.85,18.3,280,5124,"Microcontroller (Photonics-Based)",5.0,"Voltage Regulator (19V, ultra-reliable)",1.15,Amethyst Contact Pins,0.9,Eco-Friendly Mounting System,1.25,Titanium Foam,1.15,Labor,Eco-Precision Testing and Calibration,1.25,Labor,Green Packaging Labor,0.45,Quality Control,Sustainable Inspection,0.42,Quality Control,Advanced Green Equipment Depreciation,0.3
017,8th August 2078,FutureDriveAuto,TPS-C400 Epsilon,Proximity Sensor,2.75,Aluminum Matrix Composite Casing,1.75,Quartz,1.65,Labor,High-Efficiency Assembly Labor,1.65,Subterranean Transport,0.9,19.0,260,4940,"Microcontroller (Holographic)",5.25,"Voltage Regulator (21V, high-reliability)",1.25,Sapphire Contact Pins,0.95,Smart Mounting System,1.35,Quartz Composite,1.25,Labor,Advanced Holographic Testing and Calibration,1.35,Labor,Smart Packaging Labor,0.48,Quality Control,Advanced Holographic Inspection,0.45,Quality Control,Ultra-Advanced Equipment Depreciation,0.32
018,12th November 2080,AutoEraTech,TPS-D500 Iota,Radar Module,2.85,Tungsten Carbide Casing,1.85,Carbon Fiber,1.75,Labor,Precision Assembly Labor,1.75,Aerospace Transport,0.95,19.7,240,4728,"Microcontroller (Quantum Tunneling-Based)",5.5,"Voltage Regulator (23V, super-reliable)",1.35,Titanium Carbide Contact Pins,1.0,Advanced Mounting System,1.45,Carbon Nanotube,1.35,Labor,Ultra-Precision Radar Calibration,1.45,Labor,Advanced Aerospace Packaging Labor,0.5,Quality Control,Radar Precision Inspection,0.48,Quality Control,Ultimate Equipment Depreciation,0.35
019,17th February 2083,TechnoAutoInnovations,TPS-E600 Kappa,Lidar Sensor,2.95,Nano-Ceramic Casing,1.95,Graphite,1.85,Labor,Quantum Assembly Labor,1.85,Interstellar Transport,1.0,20.4,220,4488,"Microcontroller (Neuromorphic)",5.75,"Voltage Regulator (25V, ultra-high reliability)",1.45,Diamond Contact Pins,1.05,Intelligent Mounting System,1.55,Graphene Aerogel,1.45,Labor,Neuromorphic System Calibration,1.55,Labor,Quantum Packaging Labor,0.52,Quality Control,Neuromorphic System Inspection,0.5,Quality Control,Neuro-Quantum Equipment Depreciation,0.38
020,21st May 2085,AutoFutureDesign,TPS-F700 Lambda,Acceleration Sensor,3.05,Reinforced Kevlar Casing,2.05,Polymethyl Methacrylate,1.
021,28th July 2087,AutoLightTech,LED Headlamp-Alpha,High-Intensity LED,3.15,Aluminum Housing,2.15,Silicone,1.95,Labor,Precision Optical Assembly Labor,1.95,Solar Transport,1.05,21.1,200,4220,"Microcontroller (Optical Enhanced)",6.0,"Voltage Regulator (27V, high-output)",1.55,Silver Solder Contact Points,1.1,Adjustable Mounting Bracket,1.65,Acrylic Glass,1.55,Labor,Optical Calibration,1.65,Labor,Secure Packaging Labor,0.55,Quality Control,Optical Inspection,0.52,Quality Control,Optical Equipment Depreciation,0.4
022,3rd October 2089,FutureLightAuto,LED Headlamp-Beta,Multi-Beam LED,3.25,Magnesium Housing,2.25,Epoxy,2.05,Labor,Advanced Light Assembly Labor,2.05,Hyperloop Transport,1.1,22.2,180,3996,"Microcontroller (Light Adaptive)",6.25,"Voltage Regulator (29V, ultra-high output)",1.65,Gold Plated Contact Points,1.15,Streamlined Mounting Bracket,1.75,Polycarbonate,1.65,Labor,Adaptive Light Calibration,1.75,Labor,Automated Packaging Labor,0.58,Quality Control,Laser Beam Inspection,0.55,Quality Control,Advanced Light Equipment Depreciation,0.42
023,9th January 2092,LightAutoFutures,LED Headlamp-Gamma,Smart LED,3.35,Titanium Housing,2.35,Polystyrene,2.15,Labor,Smart Assembly Labor,2.15,Electric Transport,1.15,23.3,160,3728,"Microcontroller (Smart Adaptive)",6.5,"Voltage Regulator (31V, intelligent output)",1.75,Platinum Solder Contact Points,1.2,Flexible Mounting System,1.85,Glass,1.75,Labor,Smart Light Calibration,1.85,Labor,Intelligent Packaging Labor,0.6,Quality Control,3D Light Inspection,0.58,Quality Control,Smart Equipment Depreciation,0.45
024,14th April 2094,InnovateAutoLight,LED Headlamp-Delta,Laser Diode LED,3.45,Carbon Fiber Housing,2.45,Resin,2.25,Labor,Laser Assembly Labor,2.25,Magnetic Levitation Transport,1.2,24.4,140,3416,"Microcontroller (Laser-Focused)",6.75,"Voltage Regulator (33V, laser-precise output)",1.85,Rhodium Solder Contact Points,1.25,Robust Mounting Bracket,1.95,Reinforced Glass,1.85,Labor,Laser Precision Calibration,1.95,Labor,Robust Packaging Labor,0.62,Quality Control,Laser Precision Inspection,0.6,Quality Control,Laser Equipment Depreciation,0.47
025,20th August 2096,AutoLightInnovation,LED Headlamp-Epsilon,OLED,3.55,Graphene Housing,2.55,Rubber,2.35,Labor,OLED Assembly Labor,2.35,Interstellar Transport,1.25,25.5,120,3060,"Microcontroller (OLED-Optimized)",7.0,"Voltage Regulator (35V, OLED-specific output)",1.95,Iridium Solder Contact Points,1.3,Innovative Mounting Bracket,2.05,Sapphire Glass,1.95,Labor,OLED Calibration,2.05,Labor,Space-Grade Packaging Labor,0.65,Quality Control,OLED Inspection,0.62,Quality Control,OLED Equipment Depreciation,0.5
026,25th December 2098,LightTechAuto,LED Headlamp-Zeta,Adaptive LED,3.65,Advanced Alloy Housing,2.65,Thermoplastic,2.45,Labor,Adaptive Assembly Labor,2.45,Zero-Emission Transport,1.3,26.6,100,2660,"Microcontroller (Adaptive Control)",7.25,"Voltage Regulator (37V, adaptive output)",2.05,Osmium Solder Contact Points,1.35,Dynamic Mounting Bracket,2.15,Impact Resistant Glass,2.05,Labor,Adaptive Calibration,2.15,Labor,Eco-Friendly Packaging Labor,0.68,Quality Control,Adaptive Inspection,0.65,Quality Control,Adaptive Equipment Depreciation,0.52
027,31st March 2101,EcoLightAuto,LED Headlamp-Eta,Eco-Friendly LED,3.75,Recycled Plastic Housing,2.75,Biodegradable Plastic,2.55,Labor,Eco-Friendly Assembly Labor,2.55,Solar Powered Transport,1.35,27.7,90,2493,"Microcontroller (Eco-System)",7.5,"Voltage Regulator (39V, eco-output)",2.15,Gallium Solder Contact Points,1.4,Eco-Friendly Mounting Bracket,2.25,Bio-Glass,2.15,Labor,Eco-System Calibration,2.25,Labor,Recycled Packaging Labor,0.7,Quality Control,Eco-System Inspection,0.68,Quality Control,Eco-System Equipment Depreciation,0.55
028,5th July 2103,AutoEcoLight,LED Headlamp-Theta,Solar-Powered LED,3.85,Sustainable Alloy Housing,2.85,Composite Material,2.65,Labor,Solar Assembly Labor,2.65,Hybrid Transport,1.4,28.8,80,2304,"Microcontroller (Solar-Integrated)",7.75,"Voltage Regulator (41V, solar-optimized output)",2.25,Silver-Gold Alloy Contact Points,1.45,Sustainable Mounting Bracket,2.35,Recyclable Glass,2.25,Labor,Solar Light Calibration,2.35,Labor,Solar Packaging Labor,0.72,Quality Control,Solar Inspection,0.7,Quality Control,Solar Equipment Depreciation,0.57
029,10th October 2105,FutureAutoEco,LED Headlamp-Iota,High-Efficiency LED,3.95,Eco-Composite Housing,2.95,Synthetic Material,2.75,Labor,High-Efficiency Assembly Labor,2.75,Electric Transport,1.45,29.9,70,2093,"Microcontroller (High-Efficiency)",8.0,"Voltage Regulator (43V, high-efficiency output)",2.35,Platinum-Iridium Contact Points,1.5,Efficient Mounting Bracket,2.45,Advanced Glass,2.35,Labor,High-Efficiency Calibration,2.45,Labor,Efficient Packaging Labor,0.75,Quality Control,High-Efficiency Inspection,0.72,Quality Control,High-Efficiency Equipment Depreciation,0.6
030,15th February 2108,InnovativeAutoLight,LED Headlamp-Kappa,Intelligent LED,4.05,Smart Alloy Housing,3.05,Advanced Composite,2.85,Labor,Intelligent Assembly Labor,2.85,Subterranean Transport,1.5,31.0,60,1860,"Microcontroller (Intelligent System)",8.25,"Voltage Regulator (45V, intelligent system output)",2.45,Tungsten Carbide Contact Points,1.55,Smart Mounting Bracket,2.55,Ultra Clear Glass,2.45,Labor,Intelligent System Calibration,2.55,Labor,Intelligent Packaging Labor,0.78,Quality Control,Intelligent System Inspection,0.75,Quality Control,Intelligent Equipment Depreciation,0.62
031,4th January 2090,AutoTechInnovations,ECU-Advanced,Processor Unit,4.5,Aluminum Enclosure,2.8,Silicon Chips,2.2,Labor,High-Tech Circuit Assembly,2.1,Drone Delivery,1.2,33.5,250,8375,"Data Bus Interface",3.0,"Power Management IC",2.6,Gold-Plated Connectors,1.7,Secure Mounting Rack,1.9,Copper,1.3,Labor,Extensive Functional Testing,2.4,Labor,Robotic Assembly Line,1.7,Quality Control,Automated Circuit Inspection,1.5,Quality Control,Long-Term Equipment Depreciation,1.2
032,8th March 2102,FutureCarComponents,Brake System-Quantum,Pressure Sensor,3.8,Carbon Composite Housing,3.1,Ceramic Brakes,2.9,Labor,Precision Mechanism Assembly,3.2,Solar Powered Transport,1.5,36.2,200,7240,"Hydraulic Control Unit",4.2,"Stability Control Module",3.7,Stainless Steel Fittings,2.1,Adjustable Mounting Brackets,2.4,Titanium,2.2,Labor,Dynamic Stress Testing,3.5,Labor,Advanced Packaging System,1.9,Quality Control,Pressure Testing,1.8,Quality Control,High-Stress Equipment Depreciation,1.4
033,12th May 2095,EcoDriveSolutions,Fuel Injector-EcoMax,Piezoelectric Injector,3.6,Titanium Body,2.9,High-Purity Aluminum,2.6,Labor,Ultra-Precision Manufacturing,2.8,Hyperloop Transport,1.6,34.1,180,6138,"Fuel Pressure Regulator",3.8,"Atomization Control Unit",3.2,Bronze Seals,2.0,Modular Mounting Kit,2.3,Stainless Steel,2.0,Labor,Injection Pattern Testing,3.0,Labor,Eco-Friendly Packaging,2.0,Quality Control,Fuel Flow Inspection,1.7,Quality Control,Specialized Equipment Depreciation,1.3
034,17th July 2097,AutoTechFuture,Steering System-Titan,Steering Sensor,4.0,Graphene Casing,3.3,Diamond-like Carbon,3.0,Labor,Advanced Steering Calibration,3.3,Magnetic Levitation Transport,1.7,37.6,160,6016,"Steering Control Unit",4.5,"Feedback Actuator",3.9,Copper-Nickel Alloy,2.4,Flexible Steering Column,2.7,Carbon Fiber,2.5,Labor,Real-Time Response Testing,3.8,Labor,Secure Transport Packaging,2.2,Quality Control,Directional Accuracy Inspection,2.0,Quality Control,Innovative Equipment Depreciation,1.5
035,21st September 2099,RevolutionAuto,Infotainment System-Omega,Touchscreen Display,5.0,Glass Panel,4.1,Integrated Circuits,3.7,Labor,Complex Electronic Assembly,4.0,Interstellar Transport,1.9,41.4,140,5796,"Multimedia Controller",5.5,"Sound Processing Unit",4.4,Silver Conductive Paste,3.0,Mounting Frame,3.2,Aluminum,2.8,Labor,User Interface Testing,4.7,Labor,High-Security Packaging,2.5,Quality Control,Display Calibration,2.3,Quality Control,Electronics Equipment Depreciation,1.7
036,26th November 2101,FutureDriveDesign,Suspension System-Zeta,Shock Absorber,4.4,High-Tensile Steel,3.6,Titanium Springs,3.4,Labor,Dynamic Suspension Assembly,3.7,Zero-Emission Transport,2.0,40.7,120,4884,"Suspension Control Module",5.2,"Ride Height Sensor",4.7,Rubber Bushings,2.9,Adjustable Mounting Plates,3.5,Graphene Composite,3.1,Labor,Road Simulation Testing,4.3,Labor,Reinforced Packaging,2.7,Quality Control,Shock Absorption Testing,2.5,Quality Control,High-Performance Equipment Depreciation,1.9
037,30th January 2104,LightAutoTech,Headlight System-Alpha,Xenon Bulb,4.7,Polycarbonate Lens,3.9,High-Reflectivity Coating,3.5,Labor,Precision Optical Alignment,3.9,Solar Transport,2.1,42.8,110,4708,"Lighting Control Module",5.8,"Automatic Leveling Sensor",5.0,Silver Coated Wiring,3.3,Secure Mounting Brackets,3.8,Tempered Glass,3.4,Labor,Brightness Testing,5.0,Labor,Durable Packaging,2.9,Quality Control,Light Output Inspection,2.7,Quality Control,Optical Equipment Depreciation,2.0
038,5th April 2106,EcoFutureAuto,Air Conditioning System-Beta,Compressor Unit,5.1,Aluminum Alloy Shell,4.2,Refrigerant Gas,4.0,Labor,Advanced Climate Control Assembly,4.3,Hybrid Transport,2.2,45.3,100,4530,"Climate Control ECU",6.1,"Air Quality Sensor",5.3,Insulated Hoses,3.6,Mounting Frame,4.1,Recycled Plastic,3.7,Labor,Temperature Regulation Testing,5.4,Labor,Eco-Safe Packaging,3.1,Quality Control,Air Flow Analysis,2.9,Quality Control,Climate Control Equipment Depreciation,2.1
039,9th June 2108,AdvancedAutoInnovations,Transmission System-Gamma,Gearbox,5.5,Carbon Fiber Housing,4.5,Steel Gears,4.3,Labor,Precision Gear Assembly,4.6,Electric Transport,2.3,48.9,90,4401,"Transmission Control Module",6.4,"Torque Sensor",5.6,Alloy Shift Forks,3.9,Support Brackets,4.4,Magnesium,3.9,Labor,Performance Testing,5.7,Labor,Impact-Resistant Packaging,3.3,Quality Control,Gear Engagement Inspection,3.1,Quality Control,Transmission Equipment Depreciation,2.3
040,14th August 2110,TechAutoRevolution,Exhaust System-Delta,Catalytic Converter,5.8,Stainless Steel Casing,4.8,Ceramic Filter,4.6,Labor,Exhaust Flow Optimization,4.9,Subterranean Transport,2.4,52.1,80,4168,"Exhaust Management Unit",6.7,"Temperature Sensor",5.9,Titanium Exhaust Tips,4.2,Mounting Clamps,4.7,Heat-Resistant Material,4.1,Labor,Emission Testing,6.0,Labor,Heat-Proof Packaging,3.5,Quality Control,Efficiency Inspection,3.3,Quality Control,Exhaust System Depreciation,2.5
041,19th October 2112,FutureTechAuto,Wiper System-Epsilon,Motor Unit,6.0,Rubber Blade,5.1,Waterproof Motor,4.9,Labor,Automated Blade Assembly,5.2,Aerospace Transport,2.5,55.4,70,3880,"Wiper Control Module",7.0,"Rain Sensor",6.2,Silicone Wiper Edges,4.5,Adjustable Arms,5.0,Flexible Plastic,4.3,Labor,Water Repellency Testing,6.3,Labor,Waterproof Packaging,3.7,Quality Control,Operational Efficiency Inspection,3.5,Quality Control,Wiper System Depreciation,2.7
042,23rd December 2114,EcoAutoFutures,Seat Adjustment System-Zeta,Actuator Motor,6.3,Leather Upholstery,5.4,Memory Foam,5.1,Labor,Precision Seat Mechanism,5.5,Solar Powered Transport,2.6,58.6,60,3516,"Seat Control ECU",7.3,"Position Sensor",6.5,Stainless Steel Frame,4.8,Mounting Rails,5.3,Aluminum Alloy,4.6,Labor,Comfort Testing,6.6,Labor,Luxury Packaging,3.9,Quality Control,Adjustment Range Inspection,3.7,Quality Control,Seat System Depreciation,2.9
043,28th February 2117,AutoEcoLight,LED Headlamp-Epsilon,OLED,6.6,Graphene Housing,5.7,Rubber,5.4,Labor,OLED Assembly Labor,5.8,Interstellar Transport,2.7,61.9,50,3095
044,1st March 2119,NextTechAuto,TPS-Gamma,Processor Unit,4.5,Aluminum Enclosure,2.8,Silicon Chips,2.2,Labor,High-Tech Circuit Assembly,2.1,Drone Delivery,1.2,33.5,250,8375,"Data Bus Interface",3.0,"Power Management IC",2.6,Gold-Plated Connectors,1.7,Secure Mounting Rack,1.9,Copper,1.3,Labor,Extensive Functional Testing,2.4,Labor,Robotic Assembly Line,1.7,Quality Control,Automated Circuit Inspection,1.5,Quality Control,Long-Term Equipment Depreciation,1.2
045,15th April 2121,AutoInnovateSolutions,ECU-Quantum,Pressure Sensor,3.8,Carbon Composite Housing,3.1,Ceramic Brakes,2.9,Labor,Precision Mechanism Assembly,3.2,Solar Powered Transport,1.5,36.2,200,7240,"Hydraulic Control Unit",4.2,"Stability Control Module",3.7,Stainless Steel Fittings,2.1,Adjustable Mounting Brackets,2.4,Titanium,2.2,Labor,Dynamic Stress Testing,3.5,Labor,Advanced Packaging System,1.9,Quality Control,Pressure Testing,1.8,Quality Control,High-Stress Equipment Depreciation,1.4
046,23rd June 2123,FutureDriveComponents,Fuel System-Max,Piezoelectric Injector,3.6,Titanium Body,2.9,High-Purity Aluminum,2.6,Labor,Ultra-Precision Manufacturing,2.8,Hyperloop Transport,1.6,34.1,180,6138,"Fuel Pressure Regulator",3.8,"Atomization Control Unit",3.2,Bronze Seals,2.0,Modular Mounting Kit,2.3,Stainless Steel,2.0,Labor,Injection Pattern Testing,3.0,Labor,Eco-Friendly Packaging,2.0,Quality Control,Fuel Flow Inspection,1.7,Quality Control,Specialized Equipment Depreciation,1.3
047,5th August 2125,TechAutoRevolution,Steering Mechanism-Titan,Steering Sensor,4.0,Graphene Casing,3.3,Diamond-like Carbon,3.0,Labor,Advanced Steering Calibration,3.3,Magnetic Levitation Transport,1.7,37.6,160,6016,"Steering Control Unit",4.5,"Feedback Actuator",3.9,Copper-Nickel Alloy,2.4,Flexible Steering Column,2.7,Carbon Fiber,2.5,Labor,Real-Time Response Testing,3.8,Labor,Secure Transport Packaging,2.2,Quality Control,Directional Accuracy Inspection,2.0,Quality Control,Innovative Equipment Depreciation,1.5
048,17th October 2127,RevolutionAutoTech,Infotainment System-Neptune,Touchscreen Display,5.0,Glass Panel,4.1,Integrated Circuits,3.7,Labor,Complex Electronic Assembly,4.0,Interstellar Transport,1.9,41.4,140,5796,"Multimedia Controller",5.5,"Sound Processing Unit",4.4,Silver Conductive Paste,3.0,Mounting Frame,3.2,Aluminum,2.8,Labor,User Interface Testing,4.7,Labor,High-Security Packaging,2.5,Quality Control,Display Calibration,2.3,Quality Control,Electronics Equipment Depreciation,1.7
049,29th December 2129,FutureSuspensionDesign,Suspension System-Alpha,Shock Absorber,4.4,High-Tensile Steel,3.6,Titanium Springs,3.4,Labor,Dynamic Suspension Assembly,3.7,Zero-Emission Transport,2.0,40.7,120,4884,"Suspension Control Module",5.2,"Ride Height Sensor",4.7,Rubber Bushings,2.9,Adjustable Mounting Plates,3.5,Graphene Composite,3.1,Labor,Road Simulation Testing,4.3,Labor,Reinforced Packaging,2.7,Quality Control,Shock Absorption Testing,2.5,Quality Control,High-Performance Equipment Depreciation,1.9
050,14th February 2132,LightTechInnovations,Headlight System-Beta,Xenon Bulb,4.7,Polycarbonate Lens,3.9,High-Reflectivity Coating,3.5,Labor,Precision Optical Alignment,3.9,Solar Transport,2.1,42.8,110,4708,"Lighting Control Module",5.8,"Automatic Leveling Sensor",5.0,Silver Coated Wiring,3.3,Secure Mounting Brackets,3.8,Tempered Glass,3.4,Labor,Brightness Testing,5.0,Labor,Durable Packaging,2.9,Quality Control,Light Output Inspection,2.7,Quality Control,Optical Equipment Depreciation,2.0
051,20th April 2134,EcoDriveAuto,Air Conditioning System-Gamma,Compressor Unit,5.1,Aluminum Alloy Shell,4.2,Refrigerant Gas,4.0,Labor,Advanced Climate Control Assembly,4.3,Hybrid Transport,2.2,45.3,100,4530,"Climate Control ECU",6.1,"Air Quality Sensor",5.3,Insulated Hoses,3.6,Mounting Frame,4.1,Recycled Plastic,3.7,Labor,Temperature Regulation Testing,5.4,Labor,Eco-Safe Packaging,3.1,Quality Control,Air Flow Analysis,2.9,Quality Control,Climate Control Equipment Depreciation,2.1
052,1st July 2136,AdvancedTransmissionTech,Transmission System-Delta,Gearbox,5.5,Carbon Fiber Housing,4.5,Steel Gears,4.3,Labor,Precision Gear Assembly,4.6,Electric Transport,2.3,48.9,90,4401,"Transmission Control Module",6.4,"Torque Sensor",5.6,Alloy Shift Forks,3.9,Support Brackets,4.4,Magnesium,3.9,Labor,Performance Testing,5.7,Labor,Impact-Resistant Packaging,3.3,Quality Control,Gear Engagement Inspection,3.1,Quality Control,Transmission Equipment Depreciation,2.3
053,18th September 2138,TechAutoEvolution,Exhaust System-Epsilon,Catalytic Converter,5.8,Stainless Steel Casing,4.8,Ceramic Filter,4.6,Labor,Exhaust Flow Optimization,4.9,Subterranean Transport,2.4,52.1,80,4168,"Exhaust Management Unit",6.7,"Temperature Sensor",5.9,Titanium Exhaust Tips,4.2,Mounting Clamps,4.7,Heat-Resistant Material,4.1,Labor,Emission Testing,6.0,Labor,Heat-Proof Packaging,3.5,Quality Control,Efficiency Inspection,3.3,Quality Control,Exhaust System Depreciation,2.5
054,5th January 2140,AutoTechPioneers,ECU-ProMax,Optical Sensor,1.15,Titanium Casing,1.0,Glass,0.65,Labor,Advanced Precision Assembly Labor,1.1,Drone,0.45,10.7,500,5350,"Microcontroller (ARM Cortex)",2.25,"Voltage Regulator (9V, super precision)",0.55,Silver Contact Pins,0.6,Flexible Mounting System,0.55,Sapphire,0.5,Labor,High-End Testing and Calibration,0.55,Labor,Intelligent Packaging Labor,0.35,Quality Control,Ultra-Precision Inspection,0.25,Quality Control,High-End Equipment Depreciation,0.18
055,12th June 2142,FutureAutoComponents,Brake System-Alpha,Pressure Sensor,3.8,Carbon Composite Housing,3.1,Ceramic Brakes,2.9,Labor,Precision Mechanism Assembly,3.2,Solar Powered Transport,1.5,36.2,200,7240,"Hydraulic Control Unit",4.2,"Stability Control Module",3.7,Stainless Steel Fittings,2.1,Adjustable Mounting Brackets,2.4,Titanium,2.2,Labor,Dynamic Stress Testing,3.5,Labor,Advanced Packaging System,1.9,Quality Control,Pressure Testing,1.8,Quality Control,High-Stress Equipment Depreciation,1.4
056,19th September 2144,InnovativeAutoSolutions,Fuel System-Beta,Piezoelectric Injector,3.6,Titanium Body,2.9,High-Purity Aluminum,2.6,Labor,Ultra-Precision Manufacturing,2.8,Hyperloop Transport,1.6,34.1,180,6138,"Fuel Pressure Regulator",3.8,"Atomization Control Unit",3.2,Bronze Seals,2.0,Modular Mounting Kit,2.3,Stainless Steel,2.0,Labor,Injection Pattern Testing,3.0,Labor,Eco-Friendly Packaging,2.0,Quality Control,Fuel Flow Inspection,1.7,Quality Control,Specialized Equipment Depreciation,1.3
057,24th December 2146,AutoTechAdvancements,Steering System-Omega,Steering Sensor,4.0,Graphene Casing,3.3,Diamond-like Carbon,3.0,Labor,Advanced Steering Calibration,3.3,Magnetic Levitation Transport,1.7,37.6,160,6016,"Steering Control Unit",4.5,"Feedback Actuator",3.9,Copper-Nickel Alloy,2.4,Flexible Steering Column,2.7,Carbon Fiber,2.5,Labor,Real-Time Response Testing,3.8,Labor,Secure Transport Packaging,2.2,Quality Control,Directional Accuracy Inspection,2.0,Quality Control,Innovative Equipment Depreciation,1.5
058,3rd March 2149,RevolutionaryAutoTech,Infotainment System-Alpha,Touchscreen Display,5.0,Glass Panel,4.1,Integrated Circuits,3.7,Labor,Complex Electronic Assembly,4.0,Interstellar Transport,1.9,41.4,140,5796,"Multimedia Controller",5.5,"Sound Processing Unit",4.4,Silver Conductive Paste,3.0,Mounting Frame,3.2,Aluminum,2.8,Labor,User Interface Testing,4.7,Labor,High-Security Packaging,2.5,Quality Control,Display Calibration,2.3,Quality Control,Electronics Equipment Depreciation,1.7
059,10th August 2151,FutureSuspensionTech,Suspension System-Beta,Shock Absorber,4.4,High-Tensile Steel,3.6,Titanium Springs,3.4,Labor,Dynamic Suspension Assembly,3.7,Zero-Emission Transport,2.0,40.7,120,4884,"Suspension Control Module",5.2,"Ride Height Sensor",4.7,Rubber Bushings,2.9,Adjustable Mounting Plates,3.5,Graphene Composite,3.1,Labor,Road Simulation Testing,4.3,Labor,Reinforced Packaging,2.7,Quality Control,Shock Absorption Testing,2.5,Quality Control,High-Performance Equipment Depreciation,1.9
060,17th January 2154,LightAutoInnovations,Headlight System-Gamma,Xenon Bulb,4.7,Polycarbonate Lens,3.9,High-Reflectivity Coating,3.5,Labor,Precision Optical Alignment,3.9,Solar Transport,2.1,42.8,110,4708,"Lighting Control Module",5.8,"Automatic Leveling Sensor",5.0,Silver Coated Wiring,3.3,Secure Mounting Brackets,3.8,Tempered Glass,3.4,Labor,Brightness Testing,5.0,Labor,Durable Packaging,2.9,Quality Control,Light Output Inspection,2.7,Quality Control,Optical Equipment Depreciation,2.0
061,25th April 2156,EcoAutoInnovations,Air Conditioning System-Delta,Compressor Unit,5.1,Aluminum Alloy Shell,4.2,Refrigerant Gas,4.0,Labor,Advanced Climate Control Assembly,4.3,Hybrid Transport,2.2,45.3,100,4530,"Climate Control ECU",6.1,"Air Quality Sensor",5.3,Insulated Hoses,3.6,Mounting Frame,4.1,Recycled Plastic,3.7,Labor,Temperature Regulation Testing,5.4,Labor,Eco-Safe Packaging,3.1,Quality Control,Air Flow Analysis,2.9,Quality Control,Climate Control Equipment Depreciation,2.1
062,2nd July 2158,TransmissionTechInnovations,Transmission System-Epsilon,Gearbox,5.5,Carbon Fiber Housing,4.5,Steel Gears,4.3,Labor,Precision Gear Assembly,4.6,Electric Transport,2.3,48.9,90,4401,"Transmission Control Module",6.4,"Torque Sensor",5.6,Alloy Shift Forks,3.9,Support Brackets,4.4,Magnesium,3.9,Labor,Performance Testing,5.7,Labor,Impact-Resistant Packaging,3.3,Quality Control,Gear Engagement Inspection,3.1,Quality Control,Transmission Equipment Depreciation,2.3
063,9th October 2160,ExhaustSystemTech,Exhaust System-Zeta,Catalytic Converter,5.8,Stainless Steel Casing,4.8,Ceramic Filter,4.6,Labor,Exhaust Flow Optimization,4.9,Subterranean Transport,2.4,52.1,80,4168,"Exhaust Management Unit",6.7,"Temperature Sensor",5.9,Titanium Exhaust Tips,4.2,Mounting Clamps,4.7,Heat-Resistant Material,4.1,Labor,Emission Testing,6.0,Labor,Heat-Proof Packaging,3.5,Quality Control,Efficiency Inspection,3.3,Quality Control,Exhaust System Depreciation,2.5
064,16th December 2162,WiperTechFuture,Wiper System-Delta,Motor Unit,6.0,Rubber Blade,5.1,Waterproof Motor,4.9,Labor,Automated Blade Assembly,5.2,Aerospace Transport,2.5,55.4,70,3880,"Wiper Control Module",7.0,"Rain Sensor",6.2,Silicone Wiper Edges,4.5,Adjustable Arms,5.0,Flexible Plastic,4.3,Labor,Water Repellency Testing,6.3,Labor,Waterproof Packaging,3.7,Quality Control,Operational Efficiency Inspection,3.5,Quality Control,Wiper System Depreciation,2.7
065,24th February 2165,SeatTechAuto,Seat Adjustment System-Alpha,Actuator Motor,6.3,Leather Upholstery,5.4,Memory Foam,5.1,Labor,Precision Seat Mechanism,5.5,Solar Powered Transport,2.6,58.6,60,3516,"Seat Control ECU",7.3,"Position Sensor",6.5,Stainless Steel Frame,4.8,Mounting Rails,5.3,Aluminum Alloy,4.6,Labor,Comfort Testing,6.6,Labor,Luxury Packaging,3.9,Quality Control,Adjustment Range Inspection,3.7,Quality Control,Seat System Depreciation,2.9
066,2nd March 2167,AdvancedAutoTech,ECU-Zeta,Processor Unit,4.5,Aluminum Enclosure,2.8,Silicon Chips,2.2,Labor,High-Tech Circuit Assembly,2.1,Drone Delivery,1.2,33.5,250,8375,"Data Bus Interface",3.0,"Power Management IC",2.6,Gold-Plated Connectors,1.7,Secure Mounting Rack,1.9,Copper,1.3,Labor,Extensive Functional Testing,2.4,Labor,Robotic Assembly Line,1.7,Quality Control,Automated Circuit Inspection,1.5,Quality Control,Long-Term Equipment Depreciation,1.2
067,10th May 2169,EcoCarSolutions,Brake System-Delta,Pressure Sensor,3.8,Carbon Composite Housing,3.1,Ceramic Brakes,2.9,Labor,Precision Mechanism Assembly,3.2,Solar Powered Transport,1.5,36.2,200,7240,"Hydraulic Control Unit",4.2,"Stability Control Module",3.7,Stainless Steel Fittings,2.1,Adjustable Mounting Brackets,2.4,Titanium,2.2,Labor,Dynamic Stress Testing,3.5,Labor,Advanced Packaging System,1.9,Quality Control,Pressure Testing,1.8,Quality Control,High-Stress Equipment Depreciation,1.4
068,18th July 2171,FutureFuelTech,Fuel Injector-Ultra,Piezoelectric Injector,3.6,Titanium Body,2.9,High-Purity Aluminum,2.6,Labor,Ultra-Precision Manufacturing,2.8,Hyperloop Transport,1.6,34.1,180,6138,"Fuel Pressure Regulator",3.8,"Atomization Control Unit",3.2,Bronze Seals,2.0,Modular Mounting Kit,2.3,Stainless Steel,2.0,Labor,Injection Pattern Testing,3.0,Labor,Eco-Friendly Packaging,2.0,Quality Control,Fuel Flow Inspection,1.7,Quality Control,Specialized Equipment Depreciation,1.3
069,25th October 2173,SteeringSolutions,Steering System-Zeta,Steering Sensor,4.0,Graphene Casing,3.3,Diamond-like Carbon,3.0,Labor,Advanced Steering Calibration,3.3,Magnetic Levitation Transport,1.7,37.6,160,6016,"Steering Control Unit",4.5,"Feedback Actuator",3.9,Copper-Nickel Alloy,2.4,Flexible Steering Column,2.7,Carbon Fiber,2.5,Labor,Real-Time Response Testing,3.8,Labor,Secure Transport Packaging,2.2,Quality Control,Directional Accuracy Inspection,2.0,Quality Control,Innovative Equipment Depreciation,1.5
070,4th February 2176,AutoEntertainmentTech,Infotainment System-Zeta,Touchscreen Display,5.0,Glass Panel,4.1,Integrated Circuits,3.7,Labor,Complex Electronic Assembly,4.0,Interstellar Transport,1.9,41.4,140,5796,"Multimedia Controller",5.5,"Sound Processing Unit",4.4,Silver Conductive Paste,3.0,Mounting Frame,3.2,Aluminum,2.8,Labor,User Interface Testing,4.7,Labor,High-Security Packaging,2.5,Quality Control,Display Calibration,2.3,Quality Control,Electronics Equipment Depreciation,1.7
071,12th June 2178,DynamicSuspensionSystems,Suspension System-Gamma,Shock Absorber,4.4,High-Tensile Steel,3.6,Titanium Springs,3.4,Labor,Dynamic Suspension Assembly,3.7,Zero-Emission Transport,2.0,40.7,120,4884,"Suspension Control Module",5.2,"Ride Height Sensor",4.7,Rubber Bushings,2.9,Adjustable Mounting Plates,3.5,Graphene Composite,3.1,Labor,Road Simulation Testing,4.3,Labor,Reinforced Packaging,2.7,Quality Control,Shock Absorption Testing,2.5,Quality Control,High-Performance Equipment Depreciation,1.9
072,20th September 2180,LightingTechInnovations,Headlight System-Epsilon,Xenon Bulb,4.7,Polycarbonate Lens,3.9,High-Reflectivity Coating,3.5,Labor,Precision Optical Alignment,3.9,Solar Transport,2.1,42.8,110,4708,"Lighting Control Module",5.8,"Automatic Leveling Sensor",5.0,Silver Coated Wiring,3.3,Secure Mounting Brackets,3.8,Tempered Glass,3.4,Labor,Brightness Testing,5.0,Labor,Durable Packaging,2.9,Quality Control,Light Output Inspection,2.7,Quality Control,Optical Equipment Depreciation,2.0
073,28th December 2182,EcoClimateControl,Air Conditioning System-Epsilon,Compressor Unit,5.1,Aluminum Alloy Shell,4.2,Refrigerant Gas,4.0,Labor,Advanced Climate Control Assembly,4.3,Hybrid Transport,2.2,45.3,100,4530,"Climate Control ECU",6.1,"Air Quality Sensor",5.3,Insulated Hoses,3.6,Mounting Frame,4.1,Recycled Plastic,3.7,Labor,Temperature Regulation Testing,5.4,Labor,Eco-Safe Packaging,3.1,Quality Control,Air Flow Analysis,2.9,Quality Control,Climate Control Equipment Depreciation,2.1
074,5th April 2185,GearTechInnovations,Transmission System-Zeta,Gearbox,5.5,Carbon Fiber Housing,4.5,Steel Gears,4.3,Labor,Precision Gear Assembly,4.6,Electric Transport,2.3,48.9,90,4401,"Transmission Control Module",6.4,"Torque Sensor",5.6,Alloy Shift Forks,3.9,Support Brackets,4.4,Magnesium,3.9,Labor,Performance Testing,5.7,Labor,Impact-Resistant Packaging,3.3,Quality Control,Gear Engagement Inspection,3.1,Quality Control,Transmission Equipment Depreciation,2.3
075,13th July 2187,EcoExhaustSystems,Exhaust System-Iota,Catalytic Converter,5.8,Stainless Steel Casing,4.8,Ceramic Filter,4.6,Labor,Exhaust Flow Optimization,4.9,Subterranean Transport,2.4,52.1,80,4168,"Exhaust Management Unit",6.7,"Temperature Sensor",5.9,Titanium Exhaust Tips,4.2,Mounting Clamps,4.7,Heat-Resistant Material,4.1,Labor,Emission Testing,6.0,Labor,Heat-Proof Packaging,3.5,Quality Control,Efficiency Inspection,3.3,Quality Control,Exhaust System Depreciation,2.5
076,21st October 2189,WiperSystemSolutions,Wiper System-Epsilon,Motor Unit,6.0,Rubber Blade,5.1,Waterproof Motor,4.9,Labor,Automated Blade Assembly,5.2,Aerospace Transport,2.5,55.4,70,3880,"Wiper Control Module",7.0,"Rain Sensor",6.2,Silicone Wiper Edges,4.5,Adjustable Arms,5.0,Flexible Plastic,4.3,Labor,Water Repellency Testing,6.3,Labor,Waterproof Packaging,3.7,Quality Control,Operational Efficiency Inspection,3.5,Quality Control,Wiper System Depreciation,2.7
077,29th February 2192,AutoSeatTech,Seat Adjustment System-Epsilon,Actuator Motor,6.3,Leather Upholstery,5.4,Memory Foam,5.1,Labor,Precision Seat Mechanism,5.5,Solar Powered Transport,2.6,58.6,60,3516,"Seat Control ECU",7.3,"Position Sensor",6.5,Stainless Steel Frame,4.8,Mounting Rails,5.3,Aluminum Alloy,4.6,Labor,Comfort Testing,6.6,Labor,Luxury Packaging,3.9,Quality Control,Adjustment Range Inspection,3.7,Quality Control,Seat System Depreciation,2.9
078,7th May 2194,NextGenAutoElectrix,ECU-Gamma,Processor Unit,4.5,Aluminum Enclosure,2.8,Silicon Chips,2.2,Labor,High-Tech Circuit Assembly,2.1,Drone Delivery,1.2,33.5,250,8375,"Data Bus Interface",3.0,"Power Management IC",2.6,Gold-Plated Connectors,1.7,Secure Mounting Rack,1.9,Copper,1.3,Labor,Extensive Functional Testing,2.4,Labor,Robotic Assembly Line,1.7,Quality Control,Automated Circuit Inspection,1.5,Quality Control,Long-Term Equipment Depreciation,1.2
079,15th August 2196,HighTechBrakeSystems,Brake System-Eta,Pressure Sensor,3.8,Carbon Composite Housing,3.1,Ceramic Brakes,2.9,Labor,Precision Mechanism Assembly,3.2,Solar Powered Transport,1.5,36.2,200,7240,"Hydraulic Control Unit",4.2,"Stability Control Module",3.7,Stainless Steel Fittings,2.1,Adjustable Mounting Brackets,2.4,Titanium,2.2,Labor,Dynamic Stress Testing,3.5,Labor,Advanced Packaging System,1.9,Quality Control,Pressure Testing,1.8,Quality Control,High-Stress Equipment Depreciation,1.4
080,23rd November 2198,FuelSystemTech,Fuel Injector-NextGen,Piezoelectric Injector,3.6,Titanium Body,2.9,High-Purity Aluminum,2.6,Labor,Ultra-Precision Manufacturing,2.8,Hyperloop Transport,1.6,34.1,180,6138,"Fuel Pressure Regulator",3.8,"Atomization Control Unit",3.2,Bronze Seals,2.0,Modular Mounting Kit,2.3,Stainless Steel,2.0,Labor,Injection Pattern Testing,3.0,Labor,Eco-Friendly Packaging,2.0,Quality Control,Fuel Flow Inspection,1.7,Quality Control,Specialized Equipment Depreciation,1.3
081,2nd February 2201,SteeringAdvancedTech,Steering System-Delta,Steering Sensor,4.0,Graphene Casing,3.3,Diamond-like Carbon,3.0,Labor,Advanced Steering Calibration,3.3,Magnetic Levitation Transport,1.7,37.6,160,6016,"Steering Control Unit",4.5,"Feedback Actuator",3.9,Copper-Nickel Alloy,2.4,Flexible Steering Column,2.7,Carbon Fiber,2.5,Labor,Real-Time Response Testing,3.8,Labor,Secure Transport Packaging,2.2,Quality Control,Directional Accuracy Inspection,2.0,Quality Control,Innovative Equipment Depreciation,1.5
082,10th May 2203,EntertainmentAutoTech,Infotainment System-Gamma,Touchscreen Display,5.0,Glass Panel,4.1,Integrated Circuits,3.7,Labor,Complex Electronic Assembly,4.0,Interstellar Transport,1.9,41.4,140,5796,"Multimedia Controller",5.5,"Sound Processing Unit",4.4,Silver Conductive Paste,3.0,Mounting Frame,3.2,Aluminum,2.8,Labor,User Interface Testing,4.7,Labor,High-Security Packaging,2.5,Quality Control,Display Calibration,2.3,Quality Control,Electronics Equipment Depreciation,1.7
083,18th August 2205,SuspensionInnovations,Suspension System-Delta,Shock Absorber,4.4,High-Tensile Steel,3.6,Titanium Springs,3.4,Labor,Dynamic Suspension Assembly,3.7,Zero-Emission Transport,2.0,40.7,120,4884,"Suspension Control Module",5.2,"Ride Height Sensor",4.7,Rubber Bushings,2.9,Adjustable Mounting Plates,3.5,Graphene Composite,3.1,Labor,Road Simulation Testing,4.3,Labor,Reinforced Packaging,2.7,Quality Control,Shock Absorption Testing,2.5,Quality Control,High-Performance Equipment Depreciation,1.9
084,26th November 2207,AutoLightingSolutions,Headlight System-Zeta,Xenon Bulb,4.7,Polycarbonate Lens,3.9,High-Reflectivity Coating,3.5,Labor,Precision Optical Alignment,3.9,Solar Transport,2.1,42.8,110,4708,"Lighting Control Module",5.8,"Automatic Leveling Sensor",5.0,Silver Coated Wiring,3.3,Secure Mounting Brackets,
085,3rd January 2210,EcoTechAuto,ECU-Quantum Max,Processor Unit,4.5,Aluminum Enclosure,2.8,Silicon Chips,2.2,Labor,High-Tech Circuit Assembly,2.1,Drone Delivery,1.2,33.5,250,8375,"Data Bus Interface",3.0,"Power Management IC",2.6,Gold-Plated Connectors,1.7,Secure Mounting Rack,1.9,Copper,1.3,Labor,Extensive Functional Testing,2.4,Labor,Robotic Assembly Line,1.7,Quality Control,Automated Circuit Inspection,1.5,Quality Control,Long-Term Equipment Depreciation,1.2
086,17th April 2212,FutureDriveSystems,Brake System-Ultra,Pressure Sensor,3.8,Carbon Composite Housing,3.1,Ceramic Brakes,2.9,Labor,Precision Mechanism Assembly,3.2,Solar Powered Transport,1.5,36.2,200,7240,"Hydraulic Control Unit",4.2,"Stability Control Module",3.7,Stainless Steel Fittings,2.1,Adjustable Mounting Brackets,2.4,Titanium,2.2,Labor,Dynamic Stress Testing,3.5,Labor,Advanced Packaging System,1.9,Quality Control,Pressure Testing,1.8,Quality Control,High-Stress Equipment Depreciation,1.4
087,25th July 2214,AutoFuelTech,Fuel Injector-SuperMax,Piezoelectric Injector,3.6,Titanium Body,2.9,High-Purity Aluminum,2.6,Labor,Ultra-Precision Manufacturing,2.8,Hyperloop Transport,1.6,34.1,180,6138,"Fuel Pressure Regulator",3.8,"Atomization Control Unit",3.2,Bronze Seals,2.0,Modular Mounting Kit,2.3,Stainless Steel,2.0,Labor,Injection Pattern Testing,3.0,Labor,Eco-Friendly Packaging,2.0,Quality Control,Fuel Flow Inspection,1.7,Quality Control,Specialized Equipment Depreciation,1.3
088,2nd October 2216,SteeringTechPro,Steering System-Epsilon,Steering Sensor,4.0,Graphene Casing,3.3,Diamond-like Carbon,3.0,Labor,Advanced Steering Calibration,3.3,Magnetic Levitation Transport,1.7,37.6,160,6016,"Steering Control Unit",4.5,"Feedback Actuator",3.9,Copper-Nickel Alloy,2.4,Flexible Steering Column,2.7,Carbon Fiber,2.5,Labor,Real-Time Response Testing,3.8,Labor,Secure Transport Packaging,2.2,Quality Control,Directional Accuracy Inspection,2.0,Quality Control,Innovative Equipment Depreciation,1.5
089,9th January 2219,AutoEntertainmentGlobal,Infotainment System-Delta,Touchscreen Display,5.0,Glass Panel,4.1,Integrated Circuits,3.7,Labor,Complex Electronic Assembly,4.0,Interstellar Transport,1.9,41.4,140,5796,"Multimedia Controller",5.5,"Sound Processing Unit",4.4,Silver Conductive Paste,3.0,Mounting Frame,3.2,Aluminum,2.8,Labor,User Interface Testing,4.7,Labor,High-Security Packaging,2.5,Quality Control,Display Calibration,2.3,Quality Control,Electronics Equipment Depreciation,1.7
090,17th May 2221,SuspensionInnovateTech,Suspension System-Eta,Shock Absorber,4.4,High-Tensile Steel,3.6,Titanium Springs,3.4,Labor,Dynamic Suspension Assembly,3.7,Zero-Emission Transport,2.0,40.7,120,4884,"Suspension Control Module",5.2,"Ride Height Sensor",4.7,Rubber Bushings,2.9,Adjustable Mounting Plates,3.5,Graphene Composite,3.1,Labor,Road Simulation Testing,4.3,Labor,Reinforced Packaging,2.7,Quality Control,Shock Absorption Testing,2.5,Quality Control,High-Performance Equipment Depreciation,1.9
091,25th September 2223,LightAutoTechPro,Headlight System-Theta,Xenon Bulb,4.7,Polycarbonate Lens,3.9,High-Reflectivity Coating,3.5,Labor,Precision Optical Alignment,3.9,Solar Transport,2.1,42.8,110,4708,"Lighting Control Module",5.8,"Automatic Leveling Sensor",5.0,Silver Coated Wiring,3.3,Secure Mounting Brackets,3.8,Tempered Glass,3.4,Labor,Brightness Testing,5.0,Labor,Durable Packaging,2.9,Quality Control,Light Output Inspection,2.7,Quality Control,Optical Equipment Depreciation,2.0
092,3rd February 2226,EcoClimateTech,Air Conditioning System-Zeta,Compressor Unit,5.1,Aluminum Alloy Shell,4.2,Refrigerant Gas,4.0,Labor,Advanced Climate Control Assembly,4.3,Hybrid Transport,2.2,45.3,100,4530,"Climate Control ECU",6.1,"Air Quality Sensor",5.3,Insulated Hoses,3.6,Mounting Frame,4.1,Recycled Plastic,3.7,Labor,Temperature Regulation Testing,5.4,Labor,Eco-Safe Packaging,3.1,Quality Control,Air Flow Analysis,2.9,Quality Control,Climate Control Equipment Depreciation,2.1
093,11th July 2228,TransmissionSolutions,Transmission System-Theta,Gearbox,5.5,Carbon Fiber Housing,4.5,Steel Gears,4.3,Labor,Precision Gear Assembly,4.6,Electric Transport,2.3,48.9,90,4401,"Transmission Control Module",6.4,"Torque Sensor",5.6,Alloy Shift Forks,3.9,Support Brackets,4.4,Magnesium,3.9,Labor,Performance Testing,5.7,Labor,Impact-Resistant Packaging,3.3,Quality Control,Gear Engagement Inspection,3.1,Quality Control,Transmission Equipment Depreciation,2.3
094,19th December 2230,ExhaustSystemsAdvance,Exhaust System-Kappa,Catalytic Converter,5.8,Stainless Steel Casing,4.8,Ceramic Filter,4.6,Labor,Exhaust Flow Optimization,4.9,Subterranean Transport,2.4,52.1,80,4168,"Exhaust Management Unit",6.7,"Temperature Sensor",5.9,Titanium Exhaust Tips,4.2,Mounting Clamps,4.7,Heat-Resistant Material,4.1,Labor,Emission Testing,6.0,Labor,Heat-Proof Packaging,3.5,Quality Control,Efficiency Inspection,3.3,Quality Control,Exhaust System Depreciation,2.5
095,27th April 2233,WiperSystemsGlobal,Wiper System-Zeta,Motor Unit,6.0,Rubber Blade,5.1,Waterproof Motor,4.9,Labor,Automated Blade Assembly,5.2,Aerospace Transport,2.5,55.4,70,3880,"Wiper Control Module",7.0,"Rain Sensor",6.2,Silicone Wiper Edges,4.5,Adjustable Arms,5.0,Flexible Plastic,4.3,Labor,Water Repellency Testing,6.3,Labor,Waterproof Packaging,3.7,Quality Control,Operational Efficiency Inspection,3.5,Quality Control,Wiper System Depreciation,2.7
096,4th September 2235,SeatAdjustTech,Seat Adjustment System-Zeta,Actuator Motor,6.3,Leather Upholstery,5.4,Memory Foam,5.1,Labor,Precision Seat Mechanism,5.5,Solar Powered Transport,2.6,58.6,60,3516,"Seat Control ECU",7.3,"Position Sensor",6.5,Stainless Steel Frame,4.8,Mounting Rails,5.3,Aluminum Alloy,4.6,Labor,Comfort Testing,6.6,Labor,Luxury Packaging,3.9,Quality Control,Adjustment Range Inspection,3.7,Quality Control,Seat System Depreciation,2.9





